门店地址,lng,lat
宝山区共富路250号,121.43523702944378,31.355653261264973
宝山区呼玛路413-417号,121.45869280947927,31.34705523818288
宝山区吉浦路519号,121.4970450999562,31.318503023354747
宝山区灵石路1503-1505号,121.42981394740208,31.275254561012325
大华三路73号,121.42614344324083,31.281811728020273
友谊路223号,121.48666650658565,31.409906779413483
一二八纪念路845号,121.45532088949328,31.331981681945383
华秋路211号1层,121.38616604713025,31.328753508627017
上海市宝山区沪太路3100号1号楼103室,121.4144623706605,31.322052086016157
通河路104号,121.45666259321315,31.333801051602354
涵青路378号,121.40439014887565,31.3352505000917
电台路599弄48号,121.39871127254337,31.362168819096432
宝山区罗店镇杨南路2066号底层,121.36660690978674,31.394251820805554
宝山区铁峰路2041号-106室,121.46111682581318,31.40399815783627
上海市宝山区顾荻路332号-1,121.39656014076238,31.360379010953398
长临路566号,121.44324061713077,31.326645268285517
呼玛路696-702号,121.4505085141644,31.34389488328679
宝山区蕴川路1625弄43号,121.40992971149791,31.461938047944077
"宝山区塘西街407,409,411,413号",121.34701443093596,31.42773921481224
宝山区绥化路45号--47号,121.44286014342522,31.413417130392723
宝山区长江西路1869号,121.45146946839895,31.339375713676016
宝山区东太路370、372、374号,121.36897204129616,31.390728177376445
宝山区菊盛路881号、883号、885号,121.3753539243341,31.366315174435293
宝山区锦秋路1393-1397号,121.38497830578834,31.324339705196945
宝山区牡丹江路487号,121.50155877343182,31.390776631767437
宝山区牡丹江路1536号,121.49067071956587,31.405741940874282
上海宝山区牡丹江路184号一层,121.5039434439844,31.38380778678966
上海市宝山区申浦路284号,121.41982856391256,31.43131945796615
上海市宝山区古莲路371号,121.40773708069729,31.4548710471775
上海市宝山区松兰路364号、368号,121.45445192084465,31.379870663219158
上海市宝山区锦秋路1528号1层-6-7,121.38221218058061,31.323495213933104
宝山区域统筹,121.4965630135246,31.41027947347614
长江南路618号,121.48751879639588,31.342460702259718
南大路120号-1和120号-2,121.41063050028728,31.30566459538332
华灵路760号,121.42942522006553,31.284325064210734
虎林路231-4号,121.46606441229083,31.3398293296978
共康东路312号,121.46666346528626,31.329283298969706
共江路193号,121.463529351023,31.337579306397288
锦秋路695弄10－11号,121.39657469600654,31.327105149566368
长江路66弄372号,121.50498779600419,31.35779092591692
南华苑路115号,121.42806450550614,31.27638666711556
华灵路1051号2楼（大润发）,121.42771903517311,31.286472839134422
牡丹江路1258号（易买得）,121.4939122037952,31.399797471735944
逸仙路1321弄1支弄36号,121.49655340165563,31.322978361098468
丹霞山路50弄1号宝山天街1F56、57号,121.36983195861849,31.362916882387825
行知路360号,121.42242272829311,31.29007714568751
上海市宝山区共康服饰城2楼,121.44235054548909,31.328736612270347
上海市宝山区永清路251-1号,121.50384798465106,31.39302955709256
上海市宝山区殷高路333号333号长江国际商业购物中心F1,121.4919983639062,31.326186550355512
上海市宝山区长逸路15号建配龙家具广场136号商铺（近逸仙路）,121.5004107255155,31.345300676417683
上海市宝山区华和路234号一层,121.4122606175674,31.297046411085404
上海市宝山区杨鑫路222号1层224号1层,121.45412313114663,31.37614721660999
上海市宝山区聚丰园路398-400号101室,121.38545816172734,31.32001493083075
上海市宝山区高逸路182号、184号-1,121.49577432913432,31.33172081344368
上海市宝山区大华二路64号,121.4216829009429,31.27864398777675
上海市宝山区锦秋路1130号、1132号,121.39138121546335,31.325268062009943
上海市宝山区真华路959号一楼、961-1号一楼,121.41722583418898,31.27967964163216
上海市宝山区松兰路969号101室,121.45066705340894,31.387474904178433
上海市宝山区共富路113-115号101室,121.43919753806433,31.357017997288313
上海市宝山区呼兰路693号,121.45192792400579,31.349360883657706
上海市宝山区海江路426-448号1层MSGC38铺位,121.49842825508551,31.401882796372448
城桥镇人民路78号,121.40348531178631,31.628577101689935
堡镇镇堡镇中路156号,121.46877021759798,31.661559671283833
陈家镇陈彷公路77号,121.81448694822411,31.50451508591595
庙镇镇大街88号（菜场门口）,121.29235221007738,30.80872709827163
程桥镇小港路389号,121.1410694271424,30.976454224406854
裕安镇裕安公路20号,121.40355686271847,31.62856998440405
新河镇新开河路695号,121.52899416455455,31.58762336713274
上海市崇明区长兴镇渔傲路132弄30号113室,121.77430812147578,31.36506195204008
长兴乡江南大道2401号1号配套楼106室,121.74459460063059,31.3746221631985
崇明县长兴镇团结村211号辅房,121.65043933382289,31.418909888822935
长兴乡凤蓉路970号商铺,121.70440600840307,31.40173532826307
崇明区长兴乡凤凰街116号,121.69457748522511,31.394549130639028
上海市崇明区堡镇镇堡港村922号1室9-2B,121.62380053307724,31.539180964940908
上海市崇明县陈家镇安通路171号106室,121.854466315217,31.526940701644545
上海市崇明县竖新镇响椿路72号丁,121.60763678305291,31.62099019407886
上海市崇明县长兴岛凤卫路北侧9-1号,121.71123099141349,31.385747906384665
上海市崇明县长兴镇丰康路11-15.16.17号,121.7073814873031,31.398455130266683
上海市崇明区城桥镇北门路348号,121.39922730773678,31.633290933496305
上海市崇明区新河镇新晨路46号,121.54443615664401,31.62383879049987
崇明县新海一村9号楼101室,121.30322524427521,31.823642846152072
崇明区裕展路702号,121.8537838359355,31.537375829700213
崇明县团城公路1952号,121.58807028050255,31.56998125022759
崇明县陈彷公路3099弄32号,121.75862702740874,31.52457367302011
崇明县港沿镇港沿公路1201号,121.66431251798329,31.595592176650886
崇明县向化镇向化大街168号,121.72789604981072,31.526130910455375
崇明县绿华镇新建路674号,121.22545675249572,31.76944949517664
崇明县建设镇建设公路1808号6幢1室,121.46116507739535,31.66303489145744
崇明县三星镇解放新街28号,121.29405498500206,31.74631071686245
崇明县港西镇三双公路1581弄1号,121.41905954971803,31.678317051374894
上海市崇明区新崇西路131-1号,121.40110650986364,31.63140647066295
"南奉公路7500-119,120B",121.49512487670823,30.923888800054034
奉贤区百齐路288号一层G41-F01-1-037,121.49073588085095,30.920587124466895
川南奉公路9967-2、9969号,121.73356699859688,30.94857263703384
上海市奉贤区西渡街道西闸公路1384号,121.44446683738919,30.99781717491809
奉贤区青村镇光明路197-201号,121.52443662502425,30.91205257668097
南奉公路8961-8963号,121.47919221038651,30.920075630396738
奉贤区庄行镇东街5号,121.59100402772181,31.35220789314484
奉贤区柘林镇新柘中路86号,121.48132362076834,30.83620664290006
奉贤区南桥镇西渡沪杭公路88－98号,121.44025399025935,30.928871411006742
奉贤区四团镇平安平福路1478号,121.7399079224968,30.903255854914104
奉贤区金汇镇中街85号,121.50788103413646,30.99458200862941
上海市奉贤区四团镇新街12号,121.34871607489401,31.419246449338523
上海市奉贤区海湾旅游区奉炮公路220号,121.53351267360873,30.836565094040157
奉贤区南桥镇南亭公路234-236号,121.45955753722761,30.91563068935061
奉贤区南桥镇环城东路520-524号,121.46680726243908,30.945561469723145
上海市奉贤区海湾镇五四公路1029弄18号,121.74432600368989,30.870984084508784
奉贤区奉城邮电路115-119号,121.64747517087737,30.91537509987196
上海市奉贤区奉城镇新奉公路2566、2568、2570号,121.6525158002465,30.955940524991526
上海市奉贤区南桥镇解放西路172、174、176号,121.45339262102118,30.9180865056264
上海市奉贤区南桥镇西渡社区肖塘路120号,121.44472241518812,30.969099175441777
上海市奉贤区青村镇光明社区金钱公路3699号,121.52195724163025,30.911166861878726
上海市奉贤区庄行镇邬桥汇中中路154、156、158号,121.38198908640722,30.96462291970494
上海市奉贤区扶港路583号、585号,121.45069271979398,30.99496629615992
上海市奉贤区金海社区广丰路329、333、337号1-2层,121.49982809084986,30.962573371541335
上海市奉贤区南桥镇秀南路82号一层、84号一层、86号一层、88号一层,121.4535220902011,30.915625608960077
上海市奉贤区陈桥路307号一层,121.4650372520419,30.934439349929416
上海市奉贤区南桥镇育秀路1334号、1336号,121.45589052477987,30.910996827163377
上海市奉贤区四团镇六团公路44、46、48、50号,121.73089638093154,30.947463674659087
上海市奉贤区沿浦路62、64、66号,121.43554304750543,30.99887822324934
解放中路20号,121.47426664856336,30.923066029006353
南奉公路8891号（卜蜂莲花）,121.48273342053739,30.920277957426634
南奉公路9622号,121.46773295818237,30.91756416139351
古华路606号,121.47218185125443,30.918868663879604
虹口区四川北路1982号,121.4907024513097,31.269344906581
虹口区四川北路1276号,121.49124612287216,31.256543935273516
虹口区临平路48号,121.50455128600093,31.266569830725654
虹口区大连西路86号,121.50100204949032,31.2822779844661
虹口区凉城路739号,121.47744846195089,31.302450822962978
虹口区广灵一路30号,121.4837139479507,31.284310064209812
虹口区万安路613号,121.48601840790597,31.306616935953958
虹口区广灵四路392号,121.47782637189249,31.293479401050842
虹口区海门路160号,121.51416276778802,31.260470727685913
虹口区唐山路670号,121.51355068666777,31.262522352973285
虹口区玉田路333号,121.49774528328766,31.28475387992153
虹口区梧州路139号,121.49999044340129,31.258827656918875
虹口区四川北路1878号,121.49066857890384,31.267016644749443
虹口区江杨南路55弄33号101室,121.47738149417343,31.31633998504008
虹口区密云路221号,121.50236651627182,31.27805451363102
虹口区广灵二路40号,121.48606259824892,31.288402418456357
虹口区海宁路143号,121.49634026609712,31.2578956005281
曲阳路800号,121.49782207852738,31.292709017908194
上海市虹口区杨树浦路165号一层-1、167号一层,121.52015139782627,31.257281144680476
上海市虹口区汶水东路312号1层,121.488291837694,31.29554744061843
上海市虹口区凉城路251号一层,121.47614697357209,31.28990749195829
上海市虹口区广中路631号,121.47022697497313,31.286512199535174
欧阳路695号底层-A,121.4926167960464,31.281235700504272
虹口区罗浮路111号底层,121.48720396097565,31.258365956926127
东汉阳路328号,121.50202908487479,31.256574158272333
凉城路214号,121.47643302189394,31.2892806236663
水电路298号102室－104室,121.4812688663526,31.28173630849519
欧阳路90号,121.49548557421797,31.271560604612272
东余杭路1360号,121.51570774277361,31.267192778527193
四川北路1525号,121.48977700709197,31.261217771127882
"车站南路330弄世纪联华2楼
",121.48497258536005,31.300408576690067
公平路36号地下一层09（地下商业街9-2商铺）,121.51413474963918,31.25596880645957
甘河路110号8幢1层-1室,121.49479056243133,31.294773297406167
伊敏河路76号一层-5,121.50017529850575,31.294200733362253
海宁路131号甲室,121.49691541338632,31.258165075585776
虹口区曲阳路452号,121.49761705556593,31.279957689048313
虹口区汉阳路71号1层,121.49778606456118,31.255127586085703
虹口区海伦路71号一层,121.50241047395365,31.26133504830186
广粤路491号,121.47302091710925,31.298161253720114
广灵四路62号,121.48781328789121,31.291962037227698
车站南路238号,121.48455457056896,31.300593201775804
凤阳路274号,121.47725152643395,31.239972834162288
蒙自路484号,121.48605399877027,31.207109168265966
重庆北路209号,121.4762023702763,31.23299457681285
北京东路376号,121.48941528641225,31.246179643129434
福州路254号,121.49209978978472,31.240483156919886
南京东路748号,121.48276863411338,31.241100064641568
金陵东路236号,121.49122797710083,31.235148866257664
南京东路616号,121.4852597242248,31.241594294779926
上海市黄浦区南车站路470号,121.50021381065957,31.210679880530723
上海市黄浦区泰康路166号底层,121.47693007589194,31.214143911111044
"上海市黄浦区北京西路310-312,314-316号底层前间",121.47441231239503,31.241532556475864
中华路292号底层,121.50575178777261,31.226202727306276
上海市黄浦区董家渡路404-406号,121.50720123245874,31.220550041994844
普育西路48号,121.50043538400175,31.217551224667144
上海市黄浦区黄家阙路127号,121.49470727783259,31.22007178189936
黄浦区河南中路301号,121.49187548739042,31.241435585458845
宁波路100号,121.49152316029142,31.245257071767167
延安东路9号,121.49759064897715,31.238278157186546
制造局路602号,121.49164339938224,31.208337585326497
打浦路252弄1号底层,121.49714251040908,31.210843361913984
尚文路60-66号,121.49944847682269,31.221555331994395
西藏南路1519号1层-1室,121.49600428546351,31.208333569885106
国货路158号,121.5031665768031,31.214133231057108
淮海中路849号,121.46843834539763,31.22405476687547
淮海中路600号,121.47381987452137,31.22649427622528
瑞金一路95号,121.46988501431973,31.228254878958413
丽园路566号,121.48748578456667,31.212962349773893
瑞金二路117号,121.47178010926766,31.220103155449753
建国东路122号,121.48528568345742,31.21904115943891
鲁班路355号,121.48217534823931,31.208599756584963
制造局路340号,121.49123158110254,31.21235847262159
打浦路449号,121.47962256430209,31.20336011318238
鲁班路95号,121.48083811538596,31.21249475802492
黄浦区制造局路87-2号,121.48926746485076,31.215784476803066
黄浦区望云路10-12号底层,121.49894522990652,31.226987273391316
黄浦区斜土东路196号,121.4948781517101,31.213397732313357
黄浦区山海关路156号1层(成都北路和新昌路),121.47246185487852,31.243381008837737
人民路905号,121.48980840646276,31.231435220769733
黄浦区江阴街29号,121.50150552727102,31.219971679998906
嘉定区塔成路818号,121.27259505835202,31.3801553396772
浦东新区青桐路197号,121.62830168147914,31.224604084145238
福海路228号,121.25802050779183,31.374419545561988
嘉定区马陆镇裕民南路68弄1号109、110室,121.28524203213534,31.336728893907633
嘉定区嘉定工业区嘉朱公路1651号101室,121.20337742982366,31.412824882203264
江桥镇华江路129弄3号101室,121.3482541212855,31.259900206407142
上海市海川路108号111室,121.35654371148074,31.270239128114067
嘉定区安亭黄渡绿苑路31-33号,121.22143024986087,31.273564933008075
外冈镇宝钱公路5000弄179号104、302室,121.15731452052727,31.387835912554326
外冈外青松公路128号,121.17577838540313,31.35113256283456
嘉定区胜辛路2576号1层,121.23868334443478,31.37443875780603
嘉定镇梅园路75号-2,121.465664178559,31.249000865911466
上海市嘉定区城北路358号1楼08、09室,121.2426364797637,31.398005290848808
马陆镇育英街507号,121.28575457202204,31.332747580295024
嘉定区江桥镇金耀南路263、265号,121.31666015326203,31.242614185856183
嘉定江桥镇靖远路1099弄208号,121.33067724686342,31.26086314792015
上海市嘉定区嘉朱公路1316号4幢1层1-7室,121.2075476936791,31.407101662384846
上海市嘉定区嘉定镇博乐路166号、160号二楼三楼、168号二楼、170号二楼,121.25874403089703,31.390778397672246
上海市嘉定区安亭镇阜康西路83、85、87号,121.1635518724968,31.30426607439547
嘉定区裕民南路1673号一层,121.2677364247809,31.362538932253525
上海市马陆镇白银路848号1层-1,121.25368285278935,31.353140894799854
上海市嘉定区洪德路82号一层-1,121.26854995941002,31.364771100426882
上海市嘉定区澄浏中路3088号665-A68号,121.28484951305123,31.39135257897365
上海市嘉定区仓场路42号,121.28332633185563,31.390101812161237
上海市嘉定区平城路1169、1171号,121.24564802203673,31.397660892186238
上海市嘉定区外冈镇外钱公路54、56号（靠近百安公路）,121.17944500169813,31.364410894605403
上海市嘉定区安亭镇新源路879-1号,121.16034484996175,31.304846134157387
上海市嘉定区马陆镇胜辛路483号,121.26003789535697,31.33665158227999
上海市嘉定区俆行镇前曹公路358号,121.31300520775221,31.44496703116624
嘉定区洪德路888号 姜亮13776544732,121.25495892181713,31.358469687325844
嘉定区真新街道丰庄路124号  范祖华  13917198990,121.3683055686756,31.249486192625454
嘉定区安亭镇安礼路263号，魏国  17091832960,121.1770490556148,31.27634842902985
上海市嘉定区南翔镇德园路1385号一层105,121.30621736967466,31.316592869602704
嘉定区徐行镇曹王前曹公路109号 钱迎柱 13816498360,121.31135801907418,31.450937880194907
上海市嘉定区马陆镇宝安公路2466弄1号B幢3-4室,121.33348265497109,31.354750150351908
嘉定区金沙江路3176号,121.35940224717288,31.250238946079183
嘉定区工业区南新路467号,121.22224382270362,31.432922538632837
丰庄路402号,121.37095452160749,31.253704864107114
沙霞路83号乙,121.26045240046844,31.385155748986286
仓场路358号,121.27887607156256,31.388759143114733
古猗园路548－558号,121.31886466954286,31.301551081032027
博乐路99号（欧尚）,121.26055398983857,31.38922740724719
墨玉南路1099号（大润发）,121.16689064051796,31.29399639537428
希望路1050号,121.26355696676855,31.34176815295281
迎园路363号益丰大药房,121.27749199117856,31.391795191534452
上海市嘉定区安亭镇雅丹路691号1层、693号1层102室,121.20605835524528,31.30006565490679
上海市嘉定区云屏路1526号1层101室白银路1310弄23号1层101室、21号1层,121.24970246107465,31.35197599044013
城中路208号益丰大药房,121.25023201217277,31.39314785844531
金山区朱泾镇金龙新街466、468、470号,121.17711870842743,30.892409792404855
金山区石化板桥西路87号,121.3547395052877,30.73980318411613
金山区山阳镇红旗东路9弄19号-2,121.3745822727146,30.77002672193748
上海市金山区金山卫镇龙皓路2046号1层,121.32418127273758,30.754044667319004
上海市金山区山阳镇龙翔路620、622号,121.35165112735118,30.755931746416362
亭林镇朱行恒顺路237号,121.34671449660753,30.86117773981894
金山区板桥西路1652-1654号一层,121.32300224765403,30.733554369502283
上海市金山区朱泾镇秀州街428号一层203、204,121.17759188456667,30.90877994726463
上海市金山区龙胜东路768、770号,121.36276460559503,30.73566324073632
上海市金山区海汇街575号一层,121.3426512700457,30.76105337149961
上海市金山区廊下镇新村路122、126号,121.2008411244027,30.79483287957854
上海市金山区石化街道卫零路300、302号,121.34473945336752,30.727387724509303
上海市金山区亭林镇林吉路833弄2055、2056号一层,121.33192513425074,30.901822489385825
上海市金山区朱泾镇临源街440、442号,121.1765730677793,30.906089112881933
上海市金山区枫泾镇枫阳路245号,121.02600036480757,30.899475340285782
上海市金山区亭林镇南亭公路6277号,121.3302415210809,30.888051422039126
上海市金山区亭林镇亭枫公路1973、1975、1977号,121.24842526287684,30.900536371409157
上海市金山区亭林镇华亭路73号、75号,121.31880482622641,30.889054427751276
上海市金山工业区恒顺路11、13、15、17号,121.34683193298517,30.854006203862895
金山区域统筹,121.34848004512126,30.747852376570318
石化街道象州路193号,121.35137282871096,30.716217749257666
金山卫镇城河路330号易家中心2-F101,121.33478995897975,30.73673189061716
卫清西路477号（乐购）,121.35031842734745,30.734946445821112
金山区朱泾镇沈浦泾路31号(乐购）3楼3F01,121.18121178628023,30.899589567163044
卫清西路188号金山百联一层西门 ,121.35446213100386,30.737480420336567
金山区卫零北路1017--1019号,121.33440587767929,30.760020686680285
上海市金山区卫零路388底层、龙胜路569号102市,121.34449526428583,30.730200687295394
上海市金山区卫零路201号,121.34539572483074,30.722344935126234
上海市金山区朱泾镇金龙新街561、563、565号,121.17135794166654,30.891705805885376
上海市金山区亭林镇大慈路623、625号,121.32228386824617,30.89291338219698
上海市金山区海盛路367号、361号1层,121.3566173455834,30.75773598338431
上海市金山区朱泾镇罗星南路113、115号1层,121.17575117303431,30.88753388366326
上海市金山区板桥西路298号,121.35100401411266,30.739140884436168
高平路218号101室,121.43549730088903,31.28841979372618
中山北路590号,121.47047149283463,31.26763520759451
武定路1106号,121.44651872258083,31.236028994160176
上海市静安区万荣路378号一层101室,121.45525732809031,31.276304582545755
上海市静安区南京西路555号1F101-A,121.47301233110518,31.236781063115693
灵石路566号,121.45533310644821,31.289451401411256
上海市静安区灵石路891号1幢一楼103-106室,121.43912174443524,31.284032634313352
临汾街道景凤路361号,121.46695001216767,31.326250081660053
永和路1157号、1159号1-2层,121.43100599971213,31.292344875171967
鸿兴路41号,121.4826146061591,31.260549182462427
闸北区永和东路593号,121.46145941528044,31.296586924102733
大统路1022号,121.4656910325039,31.262099578518153
上海市静安区安远路809号1层,121.43979436865195,31.24115977475651
静安区保德路1296甲-1296号,121.45090566311511,31.320586047447073
静安区天目东路127号1层,121.4835476895669,31.255424789854867
上海市静安区海宁路819号一层,121.48501931593132,31.252162033284964
中华新路995号一层,121.46036348076167,31.26087995015053
闸北区平顺路115号,121.45851233720741,31.316264524081124
共和新路1945号,121.46000412711697,31.281435273247975
汾西路414号,121.46542928334611,31.31985332885423
保德路88号（卜蜂莲花）,121.47327902453652,31.325737884005314
场中路2536号,121.44952762922549,31.311323777026633
场中路1179号底层,121.4703377998222,31.312561404942834
寿阳路99弄28号B1层SB133,121.46484707986713,31.30228677957277
长临路423号,121.44364330772817,31.3246639457468
共和新路3318号（大润发）,121.45413802056046,31.30427911744034
江场路1313号,121.46196224717947,31.305203628982664
愚园路232号（原思强分店）,121.45043593646902,31.229743316567482
南京西路1376号2楼06室（上海商城）,121.4583596073046,31.23317303971129
宝昌路515号,121.47951354235218,31.26538884066458
梅园路360号(环龙商场),121.46290197894636,31.25339434200765
太阳山路156号,121.4673518745274,31.255879805058363
青海路42号,121.47054063900296,31.236776540439745
汉中路158号西楼首层银行102室,121.46409942019116,31.248242949952544
会文路28、30号,121.47985478795438,31.25732255785501
武定路87号,121.46458034421542,31.242378529639986
中兴路325号,121.48295185609842,31.265053324705114
永和路430号乙－432号甲,121.44725700664218,31.2940588662101
交城路176号,121.43535200087109,31.29975292114443
静安区晋城路697号一层,121.43369166998345,31.28726361005202
共和新路2008号3楼（大润发）,121.457754329052,31.28030344553452
延长中路739-741号,121.45273712659224,31.2735965148491
泽州路86号,121.46117239768694,31.27063381472047
北宝兴路206号,121.47175366315345,31.279391649209714
闻喜路710号,121.46026529057958,31.314760169077164
临汾路561号,121.46295459000517,31.316895806482243
闻喜路925号,121.45435359950996,31.314189137866702
汾西路725号,121.45920468192497,31.319587887227215
临汾路1268号,121.44834353230905,31.317104989010893
场中路3420号,121.43342989387646,31.309316156758584
闻喜路1112号,121.4509484098811,31.314428998978315
中华新路587号,121.46964158879773,31.259816410964984
大统路185号,121.47066996355571,31.249829523747373
海宁路1337号,121.47650596879288,31.25034390792432
中兴路1267号,121.4685017774446,31.258627997904288
虬江路1469号,121.47161821215713,31.2560280628621
中兴路587号,121.47988332891705,31.262062036829104
宝山路519号,121.48448043521184,31.264124881061434
西藏北路874号,121.47407681055824,31.2645159673089
延长路231号,121.46342740322899,31.27842623553481
共和新路2303号,121.45907939615381,31.28428192933587
芷江西路455号,121.46370770688709,31.26318568745012
谈家桥路167号,121.45708463780277,31.26712266382824
华山路2号,121.45048311457609,31.22953911650045
南京西路870号,121.46648626284646,31.23669639808544
康定路720-728号,121.44954177035083,31.23870230573908
石门一路43号,121.46953438322156,31.231035368470412
长寿路1055号-1,121.43454525874344,31.23711067962113
淮安路843号,121.45552404397928,31.245138182506665
西康路861号,121.44985240349789,31.24455687964308
江宁路334号,121.46042385318007,31.239240440076856
共和新路4428号,121.45465864429843,31.318138664077274
余姚路365号,121.4434286827791,31.241243264820838
新闸路898号,121.4646124245018,31.240373614573823
西康路266号,121.45687360158422,31.237014943234808
海防路100弄21号101-103室,121.45545008558834,31.246753650350712
石门二路200号,121.46730757009965,31.240536059797964
富民路140号,121.45743783356319,31.225559648938905
延安西路427号,121.44490305454484,31.223938991058084
陕西北路30弄4号,121.46335418594008,31.230545487024376
愚园路474号,121.44609708492361,31.228471692037235
大沽路501-503号,121.4710614855207,31.231326921476818
长宁路87号,121.4343835098533,31.234064266467158
华山路457号,121.45076082662281,31.223390719595706
万航渡路621号,121.43990378316136,31.232849996670353
中心路1039号,121.33814197839938,31.108662162287033
中山北路152号-154号,121.47789613789162,31.27153608517762
曲沃路287号,121.45132006132822,31.31733109533385
场中路2795号,121.44522620018932,31.311477736734567
三泉路359号,121.44755037166239,31.313495855005677
 保德路765号767号101室                        ,121.45835032780869,31.321847269263284
银都路3126号,121.40532732406504,31.09958707528254
虹中路440号,121.3880311656233,31.19003914205887
东兰路248号72幢102室,121.40806545268322,31.16340111900857
上海市闵行区莘松路958弄江山道17-19号一层E区,121.36293340259019,31.11016303676002
上海市闵行区紫藤一村2号,121.41609639916281,31.139619643775543
疏影路1022、1024号,121.36932215946192,31.124804794612476
上海市闵行区七莘路佳宝一村1-51号,121.35302984125806,31.162721937587357
闵行区浦江镇浦涛路806号1-2层,121.53749593451126,31.052545746181668
上海市闵行区马桥镇东街12号,121.37933206489522,31.03502343463259
上海市闵行区罗锦路451号,121.41388482130236,31.12750367821891
春都路109号1层,121.42522989079143,31.08934408820386
闵行区浦江镇江文路356号1层,121.54678203566972,31.068455743625506
闵行区浦江镇北江燕路184号,121.51016389703067,31.085339971500165
闵行区都市路3519号,121.40870961858138,31.086806561530995
青杉路177号,121.372445861466,31.18211092615073
诸新路8号201室,121.30066324641835,31.211861293625763
上海市闵行区莲花南路3999弄10号楼125、126室,121.45081905119274,31.044931609274485
闵行区江文路559弄23号底层，25号底层B座,121.54124535840477,31.06660804491905
闵行区莘松路958弄瀑布湾道70号101室-1,121.35812631917906,31.10692296626667
闵行行区航新路353号,121.35413824515564,31.17626320591184
闵行区吴泾镇永德路366号,121.4640811657249,31.04805942350155
上海市闵行区北沈路168号乙区,121.34133598848523,31.23255982717409
上海市闵行区报春路658号,121.38872329474755,31.127928913151433
上海市闵行区曙建路200号b,121.42432223032787,31.098272296584906
上海市闵行区江川路街道金平路711号底层,121.41503066477698,31.025720041226094
上海市闵行区浦航路728弄1幢11号1层,121.5383867706109,31.047129286687202
上海市闵行区江川东路847号西室、849号,121.43287117659504,31.013275055897086
上海市闵行区吴中路657号底层,121.40415657956169,31.187361825615476
闵行区浦江镇盐铁塘路永杰路431号        储慧 13918961508,121.51582308951473,31.03677954898089
上海市闵行区金都路960号 王丽娜  13919382166,121.43992287484838,31.09885427212336
上海市闵行区报春路382号 何霞萍 18017251103,121.39505815418696,31.13018100150249
闵行区北翟路1519号 秦碧兰 13764158721,121.34711622511975,31.22982489038628
闵行区新虹街道申郑路18弄9号104室  张莉   电话15900509279,121.31778296957319,31.209833886529555
上海市闵行区鹤翔路28弄41幢1号1层-2室,121.41467402221832,31.053380858387325
浦连路128号,121.54991099994751,31.062331849552322
江月路1800号（卜蜂莲花）,121.51296903654497,31.088795863585233
沪松公路18号（七宝商城）,121.35407612912621,31.161728047996196
漕宝路1485号,121.38991977390715,31.162976353187833
沁春路1052号,121.38550773651353,31.101944060378756
华江公路1486-1488号,121.34101501722152,31.25355071269479
腾冲路382－386号,121.39973608552,31.106864804532265
申滨南路1130号,121.31962979587115,31.19877025286454
龙茗路1863号,121.38863342017957,31.159029605258496
普洱路128弄99号1层,121.39513201466261,31.10409483704693
颛盛路55～57号,121.4070484522696,31.071074096840782
都市路3825弄7号121-122室,121.40478529550337,31.09387763044316
顾戴路259号,121.40924371151218,31.150680451930086
古龙路113号,121.41045818283283,31.15693275944866
高兴路240号,121.40877032991763,31.1183740657938
梅富路483-2号,121.42189102305836,31.119291012391
古龙路530弄36号103室,121.40091751177417,31.154580892702757
沪闵路7580弄111支弄36-39号,121.40753798565389,31.139869878002717
七莘路695号二楼场外（乐购）S51,121.37861262548685,31.124641535317455
罗秀路1825号22号（汇金超市）,121.4134569979134,31.132783875233404
繁兴路399弄2号B1-47（大润发）,121.29915399973783,31.216361619544735
红松路207号,121.37723376785111,31.187409299807204
航新路298号,121.35501353518013,31.17547174391539
吴中路1053号,121.39436378019724,31.182840351262875
闵行区兰坪路128号、130号底层,121.42697799421215,31.00745313703904
春申路1750号1-2层,121.43108742841169,31.119174343953798
业祥路30号,121.44289151405025,31.131909368418757
闵行区莘沥路524号,121.37341626587452,31.11385194750695
报春路811号,121.38397995060387,31.12622939034757
竹园路930弄4号102室,121.51116290348664,31.075698294909326
姚虹路251弄3、5、7号,121.41554617625829,31.197329474599083
三新街79号,121.44998921003722,31.061336936848786
陈行公路1166号,121.53916036346862,31.113566125618608
莘中路98号,121.38353393832494,31.11105270356717
莘建路71号10室,121.3849220556939,31.11243203806893
申北路300-302号,121.38795091819549,31.095859145007925
上海市闵行区虹梅南路2288弄173号101室（A-B室）,121.44006714271326,31.10681219876429
上海市闵行区友东路38号1幢2层A区,121.3632907691831,31.127071967222175
莘西路200号,121.38095967500466,31.10962025542727
龙茗路2389号,121.3884481689224,31.165301166212874
虹梅路3305号,121.41824065441513,31.14677293718502
航北路238号,121.36045846193883,31.178952992163392
顾戴路1108号,121.39496658271987,31.14554572365001
新镇路1048号,121.36757198814189,31.158258417272183
青年路294-296号,121.369175440932,31.04403232623459
梅陇一村28-30号,121.42046602665499,31.142594827275744
马桥镇西街5号,121.3755856727828,31.0341237330802
闸航路2673号,121.53955208216253,31.02549834739514
莲花路1308号3幢117室,121.40211257610258,31.16320775728013
景谷路208号8、9室,121.40208829580297,31.017525537294887
黎安路520号,121.37745135541172,31.135434517958316
江园路606-610号,121.50208550744388,31.080015195490354
剑川路131号,121.47652228920738,31.048504509488332
纪翟路1835号,121.27829387077848,31.244836642720646
纪信路56号,121.27955656673215,31.24857415944211
华友路144、146号,121.36524871138111,31.14351597988173
颛兴路57号,121.40636636350604,31.07314734939487
吴漕路1096号,121.33442067007613,31.22733590788115
虹梅路2905号109室,121.41824065441513,31.14677293718502
鹤庆路188号,121.42586006108975,31.01581012012124
谈中路203号底层,121.5350055872985,31.07087979481901
曹建路214号,121.4440136090221,31.098071134016067
新建路39号,121.41582685630641,31.048707576895975
人民东路2635弄138号,121.77537988618651,31.054175694336692
德平路28号,121.56328479451557,31.260351865797787
博山路75-79号,121.5627416879873,31.25135452966219
成山路359-2号,121.50954352544886,31.177877653271786
上海市浦东新区江东路1340号三幢107、108室,121.54921389061751,31.371648050872288
上海市浦东新区商城路518号1B-1,121.52378335659637,31.23580947281022
上海市浦东新区严桥路66号,121.5327046136669,31.19665169558625
上海市浦东新区秀沈路218号,121.56898265204327,31.14252907197937
上海浦东新区永泰路781号,121.52624772211887,31.14704633620476
上海浦东新区夏碧路311号,121.59248205918419,31.342489743593635
上海市浦东新区潍坊西路73号15幢底层,121.52347442304335,31.228848119778583
上海市浦东新区上南路3092号,121.50400500036946,31.16650385873073
上海市浦东新区合庆镇庆荣路267号,121.72720122487165,31.24220808071157
上海市浦东新区泥城路138、140号,121.83167373347848,30.904885073514244
上海市浦东新区梅花路163号,121.54779531350533,31.21541947684471
上海市浦东新区灵岩南路1092号,121.50627917575108,31.147871945303923
上海市浦东新区南汇新城镇康乃馨路148弄5号108室,121.9265179916293,30.891136862645197
上海市浦东新区莲园路58-66号（双）1层,121.55274445584811,31.19091542413655
浦东新区利津路705号,121.59644247977079,31.280532053281416
上海市浦东新区航头镇鹤沙路728-732号,121.5962956400572,31.087700984973054
上海市浦东新区环林东路833号,121.53761772946721,31.147181760590986
上海市浦东新区荷泽路318-320号,121.59895319606099,31.274962942432456
上海市浦东新区花山路953、955、957、959号一层,121.58762205120563,31.355891307923255
上海市浦东新区东书房路486号1层-1,121.54271700650817,31.16904835695543
上海市浦东新区东靖路89号,121.58033169743254,31.298098961818035
上海市浦东新区德州路390号,121.49178463636434,31.172579232929547
上海市浦东新区川沙镇川黄路135号,121.71145413050216,31.198416652782505
上海市浦东新区碧波路79号,121.5924673072111,31.214072115083997
上海市浦东新区康桥镇秀沿路2573号,121.6112313211104,31.14350583937395
上海市浦东新区南汇新城镇竹柏路212、214号,121.9181125245148,30.90723028875614
浦东新区川沙镇华夏二路1294-1296号1层,121.6969820990583,31.181712194909498
杨新路281弄10号,121.49312568791443,31.16631940058019
上海市浦东新区宣桥镇宣中路426号底楼,121.71019408365146,31.03195321680802
鹏岳路186、188号,121.5612404865309,31.176664033222973
上海市浦东新区白杨路1053号,121.56561459063876,31.199502365970062
上海市浦东新区周浦镇年家浜路21—23号,121.59337304619918,31.119953123987045
桃林路1111号,121.54839448507708,31.23429805773697
上海市浦东新区航头镇鹤立西路108号3幢1层112室,121.58994214077848,31.061216702907267
上海市浦东新区新场镇石笋街151号,121.65169965735168,31.025830548742956
上海市浦东新区康士路216、218号一层,121.5704653690672,31.156861258355274
上海市浦东新区芦云路188号一层,121.8659310722373,30.878803407774917
上海市浦东新区梓康路383、387号一层,121.5712069912318,31.128153828023695
浦东新区高宝路136号,121.62615448337799,31.29603312286586
上海市浦东新区泥城镇彩云路544号,121.81460200229552,30.905253939104096
浦东高科西路1861-1867号,121.5374516642191,31.193903840058674
上海市浦东新区张杨路2075号,121.55739606503309,31.24524355297645
上海市浦东新区南曹路510-1（临）,121.6661786578497,31.206337043517003
上海浦东新区金科路4521号绿地缤纷城1层2室,121.61000884858257,31.18365986052957
金高路2057号A6商铺,121.61471813526943,31.269839021739813
上海市浦东新区曹路镇龚华路419、421号,121.69339233190138,31.266420801006785
上海市浦东新区高行镇秋岚路152-154号,121.59933913505725,31.332650021154855
上海市浦东新区金高路54号,121.61221076696386,31.3032685519722
上海市浦东新区民耀路429、431号,121.66131454910649,31.276121033303898
上海市浦东新区航头镇鹤驰路68、70号1层,121.60125903581353,31.085197225968088
上海市浦东新区新场镇牌楼东路50、52号,121.65446480160978,31.030587837989323
上海市浦东新区秀沿路2999弄17幢09室一楼1-3,121.62599985445732,31.144879930435017
上海市浦东新区周浦镇周东路612-614号,121.59100386512851,31.128659728547674
上海市浦东新区合庆镇环庆中路103号,121.72864604328439,31.239464130580327
上海市浦东新区成山路1566、1568号1层,121.53441856261382,31.18241698895794
上海市浦东新区林德路718弄32、33号,121.51783229279627,31.13496529171102
上海市浦东新区惠南镇听悦路1077、1079号1-2层,121.74493878279351,31.06729669447936
浦东引起启帆路325号  郑慧15800876756,121.59148968671441,31.318924068922836
浦东新区祝桥镇新生村陆家宅216号 陈松，18516123937,121.74852180906589,31.182988845435954
浦东新区高行镇莱阳路3383号    程星辰  17317562020,121.58929618096421,31.33613827767971
浦东新区航头镇航南公路285号27幢1层,121.59421712459873,31.027085596894953
浦东新区高建路13-15号  胡胜明15901882699,121.62540860504186,31.298825785075927
中国（上海）自由贸易试验区东建路384号一层、388号一层A室,121.54128878518803,31.206208789251413
上海市浦东新区康沈路497号1-2层,121.58195288106437,31.125365287943453
秀沿路1032-1180号（大润发）,121.58595411346691,31.14020697645113
南门大街18号（乐购）,121.76232454271835,31.047483843293357
航头镇沪南公路5398弄42号,121.600865895102,31.04279784929825
紫薇路187弄38号,121.62197110965192,31.208783673587174
御桥路1760号,121.57532912836955,31.163834516141957
莲安东路242-244号,121.5669711941928,31.187254191352135
航城五路292号,121.75681291470252,31.148799163207993
晨阳路178-180号,121.75683199022004,31.181378573976854
北艾路929号,121.54235225674229,31.189121912599173
东书房路305-307号,121.54153337581229,31.17265675723206
锦绣路3218号（乐购）,121.54765929747484,31.186279817298665
杨高南路1128号1楼（卜蜂莲花）,121.5365721036502,31.212423801403535
东绣路1419号,121.537201569677,31.207018561245814
海阳路600号底层,121.50127651955246,31.160534876538645
杨南路1121号、1123号,121.51586750820518,31.158735788979946
世博大道1368号3区L1层156A室,121.49843589517388,31.192442951446537
齐河路289号,121.51151360016111,31.185543153654955
上南路2991号102室,121.50416173671485,31.17033102808739
科技馆地铁二号线站KJ002商铺,121.48053886017651,31.235929042252014
浦电路216号-4,121.52989691757512,31.22521750507485
"昌里东路422-2，422-3,422-4号.",121.51978611177199,31.183321786069936
安盛街197号,121.53140030281219,31.14960755772547
长清路1809号,121.50226003922141,31.149619657954553
芳华路460号,121.56587974132022,31.202144565437
栖霞路105号,121.52535992768166,31.24295460074747
世纪大道100号321号商铺,121.51420808370779,31.240286930090868
博兴路931号,121.59906666552148,31.271829613868313
五莲路717号01A,121.59568657365026,31.27580070501579
巨野路249号,121.55244686879199,31.24680505381056
金高路1102号底层,121.61640741764535,31.287145930153837
五莲路1728弄6号101号商铺,121.60718277944817,31.28819619076007
张杨北路801号5楼（文峰商场）,121.59383108499226,31.277512178699425
俱进路335号,121.6169916198541,31.30576762893774
蓝天路600号1D3,121.58891609263175,31.24758891324616
金高路1256号（卜蜂莲花）,121.61516655949865,31.28439394314893
杨高中路2128号（卜蜂莲花）,121.56084359988539,31.237730979231767
陆家嘴西路168号（卜蜂莲花）,121.50557768897833,31.242451559149607
梅花路835号,121.56204975469366,31.216139493393204
浦东新区海阳路620、622号底层,121.50784887479921,31.149954029736033
浦东新区乳山路145号,121.52698043399114,31.24088330560554
上川路1706号,121.67514215773684,31.284903428702364
齐河路787号,121.52025501287531,31.188211251976387
张江镇川北公路3003号,121.6190420803332,31.210984353117404
川沙镇川沙路4594号,121.70284068410278,31.205359245907122
川沙镇川沙路5061号,121.70508452640222,31.197690934898358
川沙镇妙境路838号一层,121.69849499555411,31.192312342804172
浦东新区东川公路7858号,121.73453107264648,31.219166028516486
合庆东川公路5812号,121.72417376731988,31.244416641623392
曹路镇顾曹路447号,121.67019909063423,31.300376088442896
浦东新区龚路新西街20号,121.6238029710784,31.213989549368637
机场镇新建路43号,121.75202287843506,31.179095588743003
机场镇施宏路552号,121.76843209223661,31.158258740972084
机场镇施新路717弄23、26号,121.77186050485953,31.155816655689186
王港镇新雅路189号,121.68872907259224,31.24212845830622
川沙镇川周公路6341号,121.67555569447497,31.169251584066956
川沙镇川六公路1961号,121.73700154844305,31.161374951612437
唐镇唐兴路412号底层,121.66154123829855,31.21218584987289
孙桥镇孙桥路259号,121.63751274178856,31.187399254867362
高桥镇慈善街27号,121.5869608372655,31.351398979697297
高桥镇石家街149号,121.58624956884407,31.34913732254883
高桥镇清溪路329号,121.57896696475262,31.3478104628818
高桥镇大同路540、542号,121.58418546100822,31.347838665845558
高桥镇江东路1400弄2号,121.55063769407116,31.371121500337903
高东镇高东新路147号,121.62415499993995,31.337612882236847
高东镇赵高路1181号,121.64066647145093,31.311726777815025
东沟镇东高路101号,121.58117337645808,31.296318208410725
张桥镇佳林路580号,121.6167314220699,31.27189284877585
莱阳路225号,121.58941241001924,31.31093669916724
金桥镇长岛路1253号,121.6003787215663,31.267790547475496
五莲路1099号,121.60197175499836,31.278266049942495
金桥镇云山路1117号,121.58053150393391,31.253668823142476
金桥镇金杨路783号甲,121.59017742585594,31.260324471418613
金桥镇银山路445号,121.59114362439807,31.252974251699367
上川路2253、2255号,121.68298354558432,31.289292296896026
乳山路79号,121.52462778084356,31.23992328548032
崂山路50号,121.52258343872327,31.244000452102632
崂山路601号,121.53028783318388,31.230739277460884
南泉路30号,121.52724195857256,31.228717574874004
崂山路660号,121.5316067513845,31.228208283520786
乳山路168号,121.53167955006302,31.242362698789133
张扬路1065号,121.52584525789446,31.177098411963968
浦电路60号,121.52467505506934,31.223953690786647
浦东南路1954号,121.50734339828874,31.1870864576684
德州路195号,121.50415243745621,31.174361301341236
灵岩南路1250号,121.50739114053168,31.144841877594615
蔡路镇塘东街41-45号,121.73577351270917,31.21962541906707
机场镇晚霞路652号,121.7592530178915,31.184092230669307
北蔡大街34号一层,121.56053591587535,31.19393181493559
锦安东路244号,121.55005490849021,31.208243782596917
六里镇浦三路715号,121.52446336578268,31.191803177225818
民生路856号,121.55305312799423,31.237232579317226
南泉路1256号,121.52913730055451,31.218187712788744
张杨北路5551号,121.58068215875099,31.349799637522256
兰谷路2773号1-2层,121.59909560263688,31.29883240448302
川沙镇北市街74号一层、二层,121.71004186578278,31.201965363305625
浦东唐镇齐爱路451号1层,121.66875126199972,31.214876769246427
书院镇老芦公路848弄104号131-134，144-147室,121.87302497647671,30.98228087365786
繁荣东路101号,121.59115256972433,31.11253687745856
张江镇紫薇路705号1-2层,121.62970318449851,31.212489547309115
川沙镇保健路149号,121.71142035421498,31.194647512677868
沈梅东路349、351号1层,121.59973706194053,31.09928503581774
浦东新区周秀路228号,121.61325992851135,31.103052224401463
胶东路675号,121.60549980317691,31.26542409633439
花山路696号1层,121.58320712216656,31.354287104603145
关岳路249-251号,121.59503946759817,31.12629216316556
崮山路210号,121.55917591097732,31.252321903013865
芳草路220号,121.56142260629508,31.199235048296337
东方路3050号,121.52477189779314,31.200574700327344
德平路748号,121.57190592142707,31.251179197094146
自由贸易试验区丁香路1177号一层,121.56536573360232,31.234862891646102
昌里东路633号,121.52300416729533,31.185848231815694
五莲路421号,121.59038247666489,31.277854111403173
上海市浦东新区横桥路148号1层,121.58237911085936,31.114135941583356
上海市浦东新区周浦镇上南路7794、7796号1层及夹层,121.53592511160855,31.13146331221275
上海市浦东新区周泰路90、92号1层,121.60961891572,31.105078835461214
上海市浦东新区御桥路1968号一层,121.57913373427225,31.16445655315953
上海市浦东新区新德路356号1-2层,121.70456309598592,31.20387199309171
上海市浦东新区顺凌路69号一层、71号一层,121.5423249491531,31.370291312903454
上海市浦东新区巨峰路505号、507号1层,121.6050836918952,31.286237425814388
上海市浦东新区玉兰路292-294号（双）1-2层,121.5531219723319,31.21393382646065
上海市浦东新区康弘路410号1层，416号1层,121.60838081896443,31.123980017912984
上海市浦东新区瑞安路218号1层-1,121.59760760627148,31.09644813516767
浦东新区泥城镇彩云路248号、250号1层,121.8198131516098,30.90526272928422
中国（上海）自由贸易试验区崮山路612号底层,121.56533266338327,31.247388123901676
"上海市浦东新区高木桥路551,553号1层",121.64712090343848,31.190933130378166
上海市浦东新区博山东路480号底层-1、-2室,121.57547155740308,31.259275206524563
商城路1149号,121.5341732425655,31.24097079606446
三舒路222号,121.51099543239039,31.12762783701065
三林路879-881号,121.51560229967285,31.148285847093113
浦东大道2509-2号,121.56680304667253,31.264819195321216
浦电路57号1层联华超市隔壁,121.52294659309857,31.223135155543307
惠南镇城东路270号,121.76958368306988,31.055895249971485
真光路1288号,121.3898929172673,31.250844613613587
秋桂路95号－2,121.35425828534882,31.291383597705927
上海市普陀区江宁路1330号-2,121.44809306497014,31.253038997994217
怒江北路236号,121.40147199713834,31.241609566852404
上海市普陀区桃浦路1901号,121.37186680115799,31.269276128662334
上海市普陀区新村路556号,121.43059691767102,31.270713375114926
桃浦公路213号底层,121.4054701797937,31.263206235808713
铜川路1948号,121.38907196664141,31.259503193258904
雪松路308-1号,121.3608579997603,31.287973874478595
怒江路351号,121.40543077652079,31.238544210027403
宁强路196号,121.43248215461428,31.259150574728764
梅川路1361号1层,121.3835456836695,31.25139378654652
岚皋路124号,121.43215690154506,31.253981890071824
宜川路393号,121.443031223913,31.270923038961982
华池路220号,121.43160916425187,31.261112420051255
曹杨路415号,121.42655027233172,31.24205705076814
上海市普陀区枣阳路378号-乙,121.40876445743785,31.23767132397121
靖边路177、179号,121.37436725520604,31.265063840444697
普陀区真南路616号,121.3951283145422,31.275170237452876
普陀区古浪路48号,121.40647962815288,31.287372438283732
普陀区宜昌路555号-4室,121.44056469527084,31.250848772481973
上海市普陀区普陀路231号一楼,121.44705267986748,31.250884747156565
上海市普陀区兰溪路137号,121.41207007618908,31.245033889095442
中谭路36号106室,121.45057337900867,31.257215906022754
西康路1289号底层B座,121.44395203556921,31.249474993555257
武威东路316号,121.41155177546916,31.282250275713515
普陀区祁安路64号。周杨13681666004,121.39243378338533,31.290554927004294
武宁路1070号底层,121.4164333526613,31.25200167905208
中华新路1164号,121.455537677562,31.261590287744905
长寿路818弄80号1层,121.43509424108805,31.242172096909705
新村路334-2号,121.43912703545469,31.272246504495925
富水路469号,121.40769012357335,31.27830522129773
大渡河路2138号,121.40308731393688,31.265263856651764
雪松路472号,121.35795817076048,31.29248697158023
桃浦路929号,121.39140881590015,31.265642244040414
桃浦路755号,121.39473275469395,31.26529343811873
泾阳路379号,121.36702012672812,31.242003126340474
灵石路1203号底层,121.43268609691422,31.278181065633728
延长西路38号,121.44923239662812,31.271178962878597
宜川路16号,121.44704231701512,31.263357774315523
新村路241号,121.44095047886024,31.272903748770908
长寿路130号,121.44947571076024,31.250577215801062
曹杨路413号,121.4266076219521,31.241981804313397
武威东路723号,121.3975443242791,31.28172952971098
怒江路365号(62654804),121.40541600029346,31.238729867547768
梅岭南路415号,121.41620247377234,31.243438432970983
曹杨路2288弄25号103室,121.41092842780118,31.267478986459228
绿杨路263号,121.36016798794213,31.291304901471342
芝川路27号,121.41086729721293,31.26385406849933
怒江路213号,121.40550296524988,31.23601320299159
大渡河路139号,121.4057278057292,31.227238563869193
洵阳路3号,121.43108733947945,31.259824279459078
芝川路226号,121.40701763230587,31.263096296736165
真光路1969号益丰大药房,121.39284230129059,31.26123098155075
西乡路31号益丰大药房,121.43086400276354,31.26783788820558
新村路1320号,121.42253708977098,31.271703296782327
梅川路1103号益丰大药房,121.39501703155733,31.246177867923468
常德路1261号,121.44253440257613,31.247460811134076
曹杨路928号益丰大药房,121.41682364394775,31.248831683162553
青浦区练塘镇练新路62号,121.04907296364475,31.01477331275145
上海市青浦区康业路888弄15号101室,121.07508902757017,31.092832880186972
青浦赵巷镇镇中路518号-c01,121.20884197046126,31.161110696204123
上海市青浦区青松路457-459号,121.12430289076491,31.143870749769857
青浦区新桥路1178号,121.10026060616363,31.218889937221626
上海市青浦区外青松公路3262号,121.14562343498457,31.252259077179033
青浦朱家角祥凝浜路99号,121.07163686644449,31.114634592614518
青浦区白鹤镇鹤如路107号,121.14622420239608,31.26303818614373
上海市青浦区鹤江路481、483号,121.14882860925604,31.263189564489075
青浦华新凤中路326号,121.23198992185952,31.237029691956447
上海市青浦区华新镇凤霞路520-526号,121.24014011749725,31.192797203087085
上海市青浦区青湖路869号,121.1412643037431,31.151179038782722
上海市青浦区华新镇凤星路1272号,121.23708560118693,31.208719530739938
上海市青浦区重固镇香花北青公路9208号,121.14147669191145,31.19241780573011
上海市青浦区华新镇新凤北路329号,121.2304600384065,31.249164874411715
上海市青浦区华新镇新凤中路468弄14号,121.23301940063499,31.233334914552533
上海市青浦区华新镇新府中路1536弄1幢1号102室,121.2411999994227,31.23291490395345
上海市青浦区赵巷镇镇泽路496号一层,121.19974760542743,31.16544307174927
上海市青浦区赵巷镇崧文南路59弄915号,121.1520171266976,31.15122343883844
上海市青浦区白鹤镇鹤祥路195号,121.15152165281899,31.262805784775274
上海市青浦区盈港路788号,121.11320419683315,31.167322883840725
青浦区徐泾镇明珠路258弄3号楼105-106室,121.2773795233287,31.17556287153781
徐泾镇京华路277号,121.28029270204671,31.17757071025421
朱家角祥凝浜路735号,121.06111390370052,31.11236501043621
上海市青浦区徐泾镇明珠路573号,121.27406014067685,31.179990310071076
上海市青浦区城中东路435号1层,121.12356675904356,31.152188397925176
九亭大街334号,121.33972855880907,31.13741370263764
上海市松江区泗泾镇泽悦路367、369号1层,121.25325484794267,31.110327787490327
新松江路1101、1103号,121.2216490088119,31.044742801387798
松江区松江工业区茜浦路700号,121.31865324795126,31.053099373327363
松江区叶榭镇辕门路93号，93-1号，93-2号,121.2840000897339,30.935397421485373
松江区九亭镇沪亭北路756-758号,121.32105860558141,31.156762389995247
上海市松江区新桥镇明中路881弄1号105、119-2室,121.35016176286649,31.08408115296619
上海市松江区岳阳街道荣乐中路28弄31、32号,121.24598159970311,31.025486997256326
上海市松江区泗泾镇鼓浪路729号1层、2层-1,121.27546542921925,31.119703330176197
上海市松江区方松街道龙马路121、123号1层,121.2329386546476,31.061543887113935
松江区佘山镇桃源路688弄832号-2,121.17736865564744,31.104559717547446
上海市松江区中山街道茸盛路558号1层,121.25321618307693,31.070703151063913
松江区洞泾镇同乐路399号第3幢1F17室,121.27620004819411,31.092110809813402
上海市松江区泗泾镇古楼公路1850、1852号一层,121.24101597165763,31.109816868661138
上海市松江区文宇路130、128号1-2层,121.19290288484837,31.051734438373977
松江区广富林路1516号-1,121.23634606129447,31.064970013610047
上海市松江区谷阳北路1425弄109、177号,121.23886422543566,31.03920022029453
上海市松江区洞泾镇洞薛路227号-2号房一楼,121.26479781323731,31.087202218786377
松江区乐都路310号,121.23590133718565,31.01978025811623
上海市松江区九亭镇沪亭北路591号、593号,121.32204217465718,31.153986435212833
上海市松江区九亭镇沪亭南路511、513、515、517号,121.33902917856275,31.12527833853742
上海市松江区联阳路12弄1号1层3、4号（联阳路、南乐路路口）,121.29172968435896,31.02969829238405
上海市松江区思贤路1855弄20号1-2楼，22号1楼,121.20689806967667,31.031106573242397
上海市松江区新桥镇新育路750弄一层836-838号,121.32797783880594,31.07792842546636
上海市松江区泗泾镇泗凤公路176弄122-124号,121.27079117105743,31.11934533576602
上海市松江区云凯路57号1层,121.33612048418586,31.102781347828074
上海市松江区松汇中路514、516号1-2层,121.24183588204575,31.009395265691253
上海市松江区南乐路456号6幢一层3113号,121.30304809303881,31.031027986048304
上海市松江区泗泾镇江川南路5、7号,121.28056734009198,31.117726460596455
上海市松江区小昆山镇平原街872号,121.12915355456956,31.03628822189007
新南路715弄8-9号,121.35136297699444,31.095739814498643
鼓浪路131-133号,121.28771995308799,31.12231208213772
横港路33、35号,121.26845090374623,31.122912370887164
新桥镇新南路989弄16号1层,121.34635797801505,31.093723864095764
荣乐中路8号（卜蜂莲花）,121.24751903970208,31.023536828791986
荣乐中路552号 （大润发）,121.22587508708358,31.0235584139193
文诚路238弄1号HS-01（卜蜂莲花）,121.22612203126828,31.03910484374211
新松江路925弄1层1013C室,121.22711906055379,31.04465485592186
上海市松江区乐都西路793号1-2层,121.21380583423475,31.01925644160552
上海市松江区乐都路376、378号底层,121.23226689010929,31.019740167896504
上海市松江区新桥镇莘松路1168号1层,121.358183305884,31.103840634640136
上海市松江区车墩镇影佳路343号一层,121.3177952763587,31.013756246510226
上海市松江区佘山镇勋业东路182号一层,121.180305385241,31.098786143970162
上海市松江区泗泾镇德悦路629号1层,121.25691028482561,31.10633743524859
上海市松江区新浜镇新颖路1099弄19号,121.07644482031365,30.938938764600458
上海市松江区乐都支路71号、73号、75号一层,121.23971945629813,31.017933743724708
上海市松江区梅家浜路1500弄55号1层-1,121.23692406519521,31.06008133893643
上海市松江区泗泾镇江川北路275、277号1层，鼓浪路550弄21、22、23号1层,121.27960884811282,31.12127626354858
上海市松江区泗泾镇古楼公路1198弄233、235号1层,121.25738467098236,31.111292834042043
上海市松江区九亭镇九新公路407号、409号,121.32840237798995,31.131573024858834
上海市松江区沪松公路1552、1554号,121.31964029077444,31.142229505488135
上海市松江区米筛浜路149号商铺,121.2254981580916,31.13563308700278
上海市松江区文涵路744号1-2层,121.1928842710599,31.044079026276414
上海市松江区广富林路799弄20号1层,121.2484656084722,31.060945660498867
环城路555号,121.26086972895412,31.01589427842257
上海市松江区中山中路266-270号,121.23878811111149,31.012831708262553
上海市松江区九亭镇沪亭南路12号-14号,121.33472600322067,31.134127302063803
上海市松江区叶榭镇叶新公路54-56号,121.32735609551162,30.95462049743295
上海市松江区新桥镇新镇街966号,121.3208244236231,31.070607738930164
上海市松江区洞泾镇长兴路640号-642号,121.2733555377459,31.08723023428522
上海市松江区车墩镇虬长路60、62、64、66号1层,121.31888878365598,31.021690315047415
上海市松江区其昌南路420、422号底层,121.23373106520914,31.03069394953477
上海市松江区叶榭镇张泽辕门路216号,121.28058294276038,30.935547277476775
上海市松江区中山中路430号,121.23503516675869,31.012870962906955
上海市松江区乐都路442号,121.22650395214397,31.01981375964312
上海市松江区人民北路175号,121.234121795767,31.01761364261349
上海市松江区新桥镇新南街369-375号,121.3212558555053,31.06831581194187
上海市松江区泗泾镇江川北路127号-129号,121.28051383432089,31.11807746008041
上海市松江区佘山镇陈坊桥地区西霞路51号,121.19394535671472,31.106626592950942
上海市松江区中山中路61号,121.24333490780617,31.012446450743276
上海市松江区中山东路170号,121.25434208416921,31.012955325700318
上海市松江区泗泾镇开江中路321号,121.28348649523655,31.11724502495863
上海市松江区荣乐东路1791、1793号,121.25387498067967,31.022556705493628
上海市松江区石湖荡镇李塔街186号,121.18566660008392,30.976120736116755
上海市松江区泖港镇中南路49号,121.22576961793196,30.93745788884126
上海市松江区大港镇新港路132号,121.15520205091711,31.012465121597522
上海市松江区佘山镇桃源路688弄634号,121.17736865564744,31.104559717547446
上海市松江区石湖荡镇学府路124号,121.12632464589144,30.990873726423022
上海市松江区新浜镇中心街78号,121.07308972648816,30.93924334431872
上海市松江区谷阳北路126号-7,121.24293654704134,31.019921757265053
上海市松江区永丰路227、229、231、233号一层,121.22102288807481,31.016807995032273
上海市松江区九亭镇九亭大街865号,121.32520768020649,31.132457966680548
上海市松江区松东路122-124号,121.26259749294148,31.019580578373898
上海市松江区佘山镇天马云峰路146号,121.15380327245836,31.07541018806502
上海市松江区荣乐西路720号,121.20580014271627,31.022898442782303
上海市松江区九亭镇涞坊路699弄、723弄689号1层,121.3149382156842,31.156271545910396
上海市松江区九亭镇九新公路182（乙）号、184号,121.32651896460688,31.13559552574117
上海市松江区西林北路1025弄1037、1039号,121.22397211669124,31.03089328022063
上海市松江区文汇路232号,121.22286994883052,31.055841781831123
上海市松江区仓丰路855弄11号1层,121.20253247467792,31.01627406775784
上海市松江区仓桥镇向阳一村7号底层,121.21582295859638,31.010462838819038
上海市松江区洞泾镇洞莘路264-266号,121.27634531407644,31.08943159355477
上海市松江区荣乐中路204号,121.23468411525351,31.02314501006046
上海市松江区弘翔路129号,121.19385870167369,31.041161284853917
上海市松江区南乐路168号D01栋,121.29813100942306,31.030108304806745
上海市松江区新松江路1292弄1-8、55-61号（一层-1）,121.21681729296536,31.045516516844593
上海市松江区叶榭镇叶大公路95号,121.329801039669,30.955776834317675
上海市松江区佘山镇桃源路53号96房,121.19480000457692,31.106042851861933
上海市松江区佘山镇桃源西路365-367号,121.18591639189708,31.105159946453586
上海市松江区中山东路23号,121.26003962279847,31.012860412155586
上海市松江区文涵路122、124号底层,121.19507781813216,31.032651306158712
上海市松江区泗泾镇泗滨路666弄702、706号1层,121.25746112576431,31.10904058701511
上海市松江区华阳镇华阳街28号,121.29080128741101,31.01082564668918
上海市松江区松乐路494号,121.24291980532155,31.015883545410524
上海市松江区车墩镇车峰路158弄172号底楼,121.32593760733168,31.018195402395186
上海市松江区车墩镇北松公路7169号2幢A区一层,121.27436870059839,31.007895442421514
上海市松江区小昆山镇清河街88号4幢94号,121.14325724751703,31.041267090409608
上海市松江区新桥镇明兴路547号底楼,121.34652915102826,31.091662109785386
上海市松江区洞泾镇长兴路同乐路138号,121.27687567005631,31.08699167191099
上海市松江区玉秀路富民开发区1号房9号,121.20879641738885,31.002165085543492
上海市松江区泖港镇五厍大街78号,121.15041378880304,30.964640809769094
上海市松江区佘山镇天马山斜塔路48号4幢一层,121.15515197757138,31.078573726101457
上海市松江区中山街道茸梅路145号(茸北农贸市场)北侧门面,121.25243699287756,31.039139884773796
上海市松江区泖港镇新宾路246号,121.2222237329992,30.939257790766284
上海市松江区九亭镇虬泾路685弄3号商铺,121.34518595881617,31.12790884971288
枫林路81号,121.46089372355503,31.205022325053932
东安路326号,121.46119964508968,31.19678246096736
广元路224号,121.44385992422053,31.204913897983257
乌鲁木齐中路180号,121.4519907739508,31.21970103077024
宜山路627号,121.43109238166826,31.184788274418484
淮海中路1004号,121.46429866435328,31.22271002002519
复兴中路1246号,121.4650257932568,31.219234601879297
龙华西路107号,121.45685234767586,31.179000851270853
田林路48-50号,121.42814682622307,31.177564665649708
康健路99号,121.43421609714694,31.171991909030577
柳州路541号,121.42957847996857,31.17960152569023
大木桥路309号,121.46876268129692,31.2035631206634
永嘉路279号,121.46565390194397,31.215527524317903
斜土路1598号,121.46547445643529,31.203092884739707
梅陇路265号,121.42776133368466,31.145388819214958
罗城路660号,121.44348218675358,31.15625574399744
乐山路46号,121.43702097615267,31.20051872804548
罗香路38号,121.44777086613966,31.142354292091476
天钥桥路65号,121.44780296798537,31.19972341813463
三汇路38号,121.43945877428969,31.186312081381615
天钥桥路380弄7号,121.44692899128351,31.194090280852052
常熟路237号,121.4560243776907,31.219654401118255
中山南二路922号,121.46200852428615,31.192170939518824
上海市徐汇区宛平南路221号,121.45291538454101,31.199891591675517
上海市徐汇区龙川北路426号底层,121.4443116506208,31.152830069010214
上海市徐汇区小木桥路221号,121.46428783168713,31.20469853120695
钦州北路994号,121.41698018086932,31.186524616620513
茶陵路216号-5号,121.472839973227,31.203798304224502
虹梅路2536-2538号,121.40287627232853,31.178509111103637
上海市徐汇区桂林路630号,121.42071159463565,31.186095924078263
上中西路280号凌云一街坊106,121.43226104749267,31.14139855274294
桂林东街233号　　,121.428545248971,31.16368181560664
百色路1067－1071号,121.44264743546013,31.148870691768426
襄阳北路131弄1号,121.46207587114853,31.22431804318083
零陵路84号,121.47141291431419,31.200497788151544
石龙路681－683号,121.44036996150069,31.158116553556358
百色路867号,121.44626015611945,31.148754545514084
建华路101号,121.4523422063375,31.12756599113864
华展路87号,121.45879981473333,31.118054535407307
桂林路509号,121.42229543750405,31.18218582528843
龙水南路304号,121.46317727365295,31.160229525508427
番禺路838号,121.43487646398496,31.20377495246931
肇家浜路1000号,121.46395218791807,31.208348145047044
徐汇区中山西路1520号,121.42717892539203,31.195611442448644
桂林路402号,121.42338107654338,31.177666138996237
上海市徐汇区丰谷路185弄3号-1商铺,121.46324809605936,31.176347715035263
浦北路店 浦北路227号底层 ,121.4289653810682,31.16154356392266
罗秀路438号,121.44830737910549,31.13915095406933
丹棱店：徐汇区丹棱路35号,121.43309318112387,31.14283138563018
淞沪路8号1层G09-F01-1-037室,121.5218314689775,31.307533860824513
开鲁路474号,121.53638461740891,31.33099316547367
临青路385号1层-3,121.54528461338462,31.27378563777174
上海市杨浦区长海路369-375号,121.53297795994884,31.31575158607591
上海市杨浦区政民路295号-7,121.51253686984889,31.307934990571237
上海市杨浦区政云路116号、118号,121.50944477472414,31.315158852318596
上海市杨浦区长阳路583号-1,121.52252218416888,31.266474045484248
上海市延吉东路129号底层,121.55066615777956,31.300195276565486
上海市杨浦区长阳路3025号,121.55398290743435,31.283845725411176
上海市杨浦区民星路277号,121.54926076509733,31.317577408876996
上海市杨浦区靖宇南路10号-1,121.53318476963996,31.28549726868224
上海市杨浦区黄兴路1号附楼1A-1,121.53910849351188,31.275698673382855
上海市杨浦区政立路605号,121.50821544004053,31.31392783417025
上海市杨浦区平凉路1489号,121.54532272938572,31.271411836794652
上海市杨浦区本溪路77-79号,121.52791817151977,31.283370212749354
三门路356号,121.4996462675265,31.316930923777537
上海市杨浦区国和路1392号,121.54733054909887,31.324455136385577
杨浦区国霞路368号一层,121.51228628034043,31.32216457065699
上海市杨浦区殷行路831号、833号一层,121.53124008643127,31.334434270313754
上海市杨浦区内江路11-1、11-2号,121.5602584266084,31.279990318960834
学府街145号,121.4978964402575,31.3074412681468
政立路1545－1547号,121.49591858082972,31.31401375927401
杨浦区世界路99号-9,121.53238433361699,31.325544935140837
政通路236（1）号,121.51371112672678,31.306656306757205
民府路489号,121.51818060896113,31.321208466241362
国安路772号,121.51070481977825,31.325673795797023
民京路432号,121.52502411682778,31.324957841028027
国顺东路275号,121.53897999360359,31.30402309696308
图们路13号,121.55507954532635,31.295853239229583
松花江路213号,121.54507711020166,31.300460271757068
杨浦区松花江路2号8幢110、111室,121.55120836869725,31.303724236141996
延吉东路305号,121.54920539174908,31.29600312330703
政本路127-129号,121.5218260423139,31.296456925687696
国和路1021号,121.53462901134057,31.3240286277319
黄兴路1618号（大润发）,121.52850190660966,31.29485931714145
顺平路67号1层-1,121.5618744054581,31.28952158683328
国顺东路800号12幢110室,121.53155113010394,31.299896200069117
许昌路1600号,121.51904266335227,31.278842854219036
腾越路463号,121.55639779608596,31.277425917141013
长阳路1312号,121.53506221378294,31.272462116960178
杨树浦路1173号,121.54010572761106,31.259661148812814
隆昌路466号,121.5511562409268,31.27931002465886
控江路2104号,121.5152134600481,31.278326957547318
长阳路1750号（欧尚）,121.5435463877313,31.27645130622049
杨浦区逸仙路793号一楼,121.49287108387864,31.30863320442715
延吉东路557-7号,121.54599354082191,31.293120286872426
松花江路287号益丰大药房,121.5349367384693,31.29365665534678
市光路888号,121.53582099987092,31.32774788062165
昆明路596号6幢底层-6,121.5203255720782,31.267134472012504
平凉路1970号,121.5525845511792,31.276340694793305
辽源西路101号 ,121.51978999963823,31.274563872557774
控江路1058号,121.53661037415985,31.285979823332827
控江路1505号,121.52893803393475,31.28156514761167
国和路1300号,121.54333921512475,31.32445585990839
抚顺路364号,121.51701184252653,31.284072900576504
长宁区中山西路743号103室,121.41945544193933,31.21629863405645
长宁路358号,121.43371417029068,31.229908110634447
上海市长宁区中山西路1277号4幢116室,121.42626140692379,31.198178107111953
上海市长宁区法华镇路383号,121.43427575541247,31.210312890287675
长宁剑河路2379号,121.38239082390247,31.195850024771925
迎乐路128号,121.3548128375597,31.215377339199712
上海市长宁区古羊路318号1层，张虹路110号1层,121.41913967856951,31.19756330843173
娄山关路937号,121.41115365275526,31.220758003978624
上海市长宁区仙霞路793号,121.39093756572792,31.21307995816246
长宁区虹桥路1438号地下一层B1-054号店铺,121.40971862317767,31.20334758028332
愚园路1435号,121.42840062447881,31.224945190980293
长宁支路265号,121.4309894960433,31.231634238775687
平武路80号,121.4375943196444,31.21490608700412
天山路210号,121.38871439164163,31.221523613677977
福泉路401号,121.36604085424761,31.212077909418266
宣化路74－76号,121.43523748578298,31.22401027014449
仙霞西路299号,121.37272270574958,31.213958737861542
黄金城道743号101室,121.40554908605138,31.200945302944298
荣华东道126号-2,121.40107631601884,31.201428921722613
江苏路805号（临）首层,121.44061809594018,31.21841941508551
长宁区云雾山路551弄17号底层,121.40852823363112,31.222256166839024
茅台路718号,121.39282901984362,31.21639556418832
可乐路218号,121.37031026228557,31.212225055790206
剑河路401号,121.37438060043269,31.22090272447759
华山路1621号,121.44117529688191,31.209730428277233
虹古路238号,121.40043799719126,31.209686520049218
芙蓉江路222号,121.4018118970789,31.21670425076365
程家桥路16号,121.37867235382022,31.195679730418053
安顺路188号,121.42290312141883,31.207163518722588
安化路245号,121.4331418360452,31.22118294740255
